"iteration","A_time","A_Wind_median","A_Wind_bias","A_Wind_covered","A_Wind_power","A_Thermal_median","A_Thermal_bias","A_Thermal_covered","A_Thermal_power","A_MetaThermal_median","A_MetaThermal_bias","A_MetaThermal_covered","A_MetaThermal_power","B_time","B_MetaThermal_median","B_MetaThermal_bias","B_MetaThermal_covered","B_MetaThermal_power","E_MetaThermal_median","E_MetaThermal_bias","E_MetaThermal_covered","E_MetaThermal_power","E_note","E_time","F_MetaThermal_median","F_MetaThermal_bias","F_MetaThermal_covered","F_MetaThermal_power","F_note","F_time","D_note","D_time","G_time","H_true_pval","H_alt_pval","H_true_accepted","H_alt_rejected","H_correct","I_MetaThermal_median","I_MetaThermal_bias","I_MetaThermal_covered","I_MetaThermal_power","I_Wind_median","I_Wind_bias","I_Wind_covered","I_Wind_power","I_time","J_time"
1,53.346,-0.407,0.093,1,1,-0.857,-0.0569999999999999,1,1,0.579,-0.021,1,1,42.276,0.615,0.015,1,1,0.568150543160248,-0.0318494568397523,1,1,"PIC: abundance aggregated to species mean (log+1 transformed). Site/survey hierarchy lost.",0.0660000000000025,0.889029099883486,0.289029099883486,0,1,"phylopath: abundance = log(mean_sp + 1). No survey/site hierarchy.",0.322000000000003,"piecewiseSEM: log(Abundance+1), no phylogeny, listwise deletion.",0.027000000000001,0,1,1,1,0,0,0.6099263540099,0.0099263540099005,1,1,-0.38121183936787,0.11878816063213,1,1,0.105000000000004,0
2,71.206,-0.316,0.184,1,0,-0.804,-0.004,1,1,0.641,0.041,1,1,45.057,0.657,0.057,1,1,0.647677636306748,0.0476776363067478,1,1,"PIC: abundance aggregated to species mean (log+1 transformed). Site/survey hierarchy lost.",0.032999999999987,0.95147298645416,0.35147298645416,0,1,"phylopath: abundance = log(mean_sp + 1). No survey/site hierarchy.",0.0810000000000173,"piecewiseSEM: log(Abundance+1), no phylogeny, listwise deletion.",0.0339999999999918,0,1,1,1,0,0,0.660114020349636,0.0601140203496355,1,1,-0.44131269289097,0.0586873071090302,1,1,0.0919999999999845,0
3,59.734,-0.456,0.044,1,1,-0.582,0.218,1,1,0.63,0.03,1,1,42.429,0.559,-0.0409999999999999,1,1,0.663107455049472,0.0631074550494725,1,1,"PIC: abundance aggregated to species mean (log+1 transformed). Site/survey hierarchy lost.",0.0219999999999914,0.835752940812631,0.235752940812631,0,1,"phylopath: abundance = log(mean_sp + 1). No survey/site hierarchy.",0.0740000000000123,"piecewiseSEM: log(Abundance+1), no phylogeny, listwise deletion.",0.0269999999999868,0,1,1,1,0,0,0.566198548815345,-0.0338014511846552,1,1,-0.50707644000095,-0.00707644000095009,1,1,0.0840000000000032,0
4,64.535,-0.424,0.076,1,0,-0.823,-0.0229999999999999,1,1,0.632,0.032,1,1,52.12,0.655,0.055,1,1,0.597111290019973,-0.00288870998002722,1,1,"PIC: abundance aggregated to species mean (log+1 transformed). Site/survey hierarchy lost.",0.0509999999999877,0.877901453885268,0.277901453885268,0,1,"phylopath: abundance = log(mean_sp + 1). No survey/site hierarchy.",0.132000000000005,"piecewiseSEM: log(Abundance+1), no phylogeny, listwise deletion.",0.0529999999999973,0,1,1,1,0,0,0.652235801100419,0.052235801100419,1,1,-0.399811178526909,0.100188821473091,1,1,0.0949999999999704,0
5,61.119,-0.703,-0.203,1,1,-0.958,-0.158,1,1,0.684,0.0840000000000001,1,1,41.932,0.686,0.0860000000000001,1,1,0.646686644611996,0.0466866446119959,1,1,"PIC: abundance aggregated to species mean (log+1 transformed). Site/survey hierarchy lost.",0.0249999999999773,0.905738796275496,0.305738796275496,0,1,"phylopath: abundance = log(mean_sp + 1). No survey/site hierarchy.",0.08299999999997,"piecewiseSEM: log(Abundance+1), no phylogeny, listwise deletion.",0.02800000000002,0,1,1,1,0,0,0.68972928677044,0.0897292867704402,1,1,-0.672599823150415,-0.172599823150415,1,1,0.103000000000065,0
6,61.079,-0.522,-0.022,1,1,-0.898,-0.098,1,1,0.712,0.112,1,1,42.689,0.669,0.0690000000000001,1,1,0.785738189824563,0.185738189824563,0,1,"PIC: abundance aggregated to species mean (log+1 transformed). Site/survey hierarchy lost.",0.0249999999999773,0.930508161681299,0.330508161681299,0,1,"phylopath: abundance = log(mean_sp + 1). No survey/site hierarchy.",0.105999999999995,"piecewiseSEM: log(Abundance+1), no phylogeny, listwise deletion.",0.0230000000000246,0,1,1,1,0,0,0.668386638043615,0.0683866380436152,1,1,-0.5860853271248,-0.0860853271248002,1,1,0.0939999999999372,0
7,63.7090000000001,-0.59,-0.09,1,0,-0.852,-0.0519999999999999,1,1,0.71,0.11,1,1,40.539,0.675,0.0750000000000001,1,1,0.579566046519238,-0.020433953480762,1,1,"PIC: abundance aggregated to species mean (log+1 transformed). Site/survey hierarchy lost.",0.0249999999999773,0.878519724778542,0.278519724778542,0,1,"phylopath: abundance = log(mean_sp + 1). No survey/site hierarchy.",0.0680000000000973,"piecewiseSEM: log(Abundance+1), no phylogeny, listwise deletion.",0.0329999999999018,0,1,1,1,0,0,0.677784947349906,0.0777849473499063,1,1,-0.480398671766695,0.0196013282333052,1,1,0.0810000000000173,0
8,60.201,-0.355,0.145,1,0,-0.941,-0.141,1,1,0.609,0.00900000000000001,1,1,41.4630000000001,0.629,0.029,1,1,0.598284654112954,-0.00171534588704625,1,1,"PIC: abundance aggregated to species mean (log+1 transformed). Site/survey hierarchy lost.",0.0220000000000482,0.858468101745582,0.258468101745582,0,1,"phylopath: abundance = log(mean_sp + 1). No survey/site hierarchy.",0.0720000000000027,"piecewiseSEM: log(Abundance+1), no phylogeny, listwise deletion.",0.0249999999999773,0,1,1,1,0,0,0.633482819281932,0.0334828192819315,1,1,-0.423831834564144,0.0761681654358564,1,1,0.0860000000000127,0
9,52.4109999999999,-0.579,-0.079,1,1,-0.959,-0.159,1,1,0.612,0.012,1,1,36.245,0.61,0.01,1,1,0.621039019968795,0.0210390199687952,1,1,"PIC: abundance aggregated to species mean (log+1 transformed). Site/survey hierarchy lost.",0.0240000000000009,0.968878463715011,0.368878463715011,0,1,"phylopath: abundance = log(mean_sp + 1). No survey/site hierarchy.",0.05600000000004,"piecewiseSEM: log(Abundance+1), no phylogeny, listwise deletion.",0.0219999999999345,0,1,1,1,0,0,0.610399003524788,0.0103990035247877,1,1,-0.589566500729519,-0.0895665007295192,1,1,0.0910000000000082,0
10,54.4639999999999,-0.66,-0.16,1,1,-0.859,-0.0589999999999999,1,1,0.589,-0.011,1,1,38.694,0.558,-0.0419999999999999,1,1,0.668557564805836,0.0685575648058364,1,1,"PIC: abundance aggregated to species mean (log+1 transformed). Site/survey hierarchy lost.",0.0180000000000291,0.892367897953663,0.292367897953663,0,1,"phylopath: abundance = log(mean_sp + 1). No survey/site hierarchy.",0.0769999999999982,"piecewiseSEM: log(Abundance+1), no phylogeny, listwise deletion.",0.0199999999999818,0,1,1,1,0,0,0.557229367831364,-0.0427706321686362,1,1,-0.564841637555455,-0.0648416375554547,1,1,0.0789999999999509,0
11,51.4110000000001,-0.647,-0.147,1,1,-1.129,-0.329,1,1,0.599,-0.001,1,1,36.492,0.537,-0.063,1,1,0.604565174700585,0.00456517470058515,1,1,"PIC: abundance aggregated to species mean (log+1 transformed). Site/survey hierarchy lost.",0.0219999999999345,0.962143941820094,0.362143941820094,0,1,"phylopath: abundance = log(mean_sp + 1). No survey/site hierarchy.",0.0589999999999691,"piecewiseSEM: log(Abundance+1), no phylogeny, listwise deletion.",0.0190000000000055,0,1,1,1,0,0,0.531401869382204,-0.0685981306177964,1,1,-0.663427552734727,-0.163427552734727,1,1,0.0830000000000837,0.000999999999976353
12,53.4969999999998,-0.642,-0.142,1,1,-0.713,0.0870000000000001,1,1,0.561,-0.0389999999999999,1,1,38.1469999999999,0.502,-0.098,1,1,0.556437668213338,-0.0435623317866616,1,1,"PIC: abundance aggregated to species mean (log+1 transformed). Site/survey hierarchy lost.",0.0209999999999582,0.882905636817036,0.282905636817036,0,1,"phylopath: abundance = log(mean_sp + 1). No survey/site hierarchy.",0.0630000000001019,"piecewiseSEM: log(Abundance+1), no phylogeny, listwise deletion.",0.0239999999998872,0,1,1,1,0,0,0.502435006512251,-0.0975649934877487,1,1,-0.558322680363141,-0.0583226803631407,1,1,0.0750000000000455,0
13,51.7450000000001,-0.444,0.056,1,0,-0.761,0.039,1,1,0.652,0.052,1,1,36.3299999999999,0.622,0.022,1,1,0.669627661177687,0.0696276611776869,1,1,"PIC: abundance aggregated to species mean (log+1 transformed). Site/survey hierarchy lost.",0.0190000000000055,0.861038793875839,0.261038793875839,0,1,"phylopath: abundance = log(mean_sp + 1). No survey/site hierarchy.",0.071999999999889,"piecewiseSEM: log(Abundance+1), no phylogeny, listwise deletion.",0.0270000000000437,0,1,1,1,0,0,0.618762796088322,0.0187627960883221,1,1,-0.251850477388791,0.248149522611209,1,0,0.118999999999915,0
14,55.087,-0.57,-0.07,1,0,-0.684,0.116,1,1,0.707,0.107,1,1,38.4680000000001,0.69,0.09,1,1,0.723168112218316,0.123168112218316,1,1,"PIC: abundance aggregated to species mean (log+1 transformed). Site/survey hierarchy lost.",0.0319999999999254,0.897975990138611,0.297975990138611,0,1,"phylopath: abundance = log(mean_sp + 1). No survey/site hierarchy.",0.0679999999999836,"piecewiseSEM: log(Abundance+1), no phylogeny, listwise deletion.",0.0199999999999818,0,1,1,1,0,0,0.694656778968466,0.0946567789684659,1,1,-0.502003706314529,-0.00200370631452895,1,1,0.0909999999998945,0
15,56.759,-0.439,0.061,1,0,-1.005,-0.205,1,1,0.491,-0.109,1,1,42.578,0.471,-0.129,1,1,0.506995451572568,-0.0930045484274319,1,1,"PIC: abundance aggregated to species mean (log+1 transformed). Site/survey hierarchy lost.",0.02800000000002,0.766517999285607,0.166517999285607,1,1,"phylopath: abundance = log(mean_sp + 1). No survey/site hierarchy.",0.0919999999998709,"piecewiseSEM: log(Abundance+1), no phylogeny, listwise deletion.",0.0289999999999964,0,1,1,1,0,0,0.464832567252056,-0.135167432747944,1,1,-0.440411364470915,0.059588635529085,1,1,0.0930000000000746,0
16,67.4930000000002,-0.676,-0.176,1,1,-0.911,-0.111,1,1,0.653,0.053,1,1,48.2730000000001,0.657,0.057,1,1,0.64250087274253,0.0425008727425306,1,1,"PIC: abundance aggregated to species mean (log+1 transformed). Site/survey hierarchy lost.",0.0470000000000255,0.857656871901131,0.257656871901131,0,1,"phylopath: abundance = log(mean_sp + 1). No survey/site hierarchy.",0.120999999999867,"piecewiseSEM: log(Abundance+1), no phylogeny, listwise deletion.",0.081000000000131,0,1,1,1,0,0,0.646959722466754,0.046959722466754,1,1,-0.563750620253516,-0.0637506202535156,1,1,0.132000000000062,0
17,68.065,-0.538,-0.038,1,0,-0.811,-0.011,1,1,0.553,-0.0469999999999999,1,1,48.283,0.541,-0.0589999999999999,1,1,0.578510966224013,-0.0214890337759869,1,1,"PIC: abundance aggregated to species mean (log+1 transformed). Site/survey hierarchy lost.",0.0840000000000032,0.77684480826351,0.17684480826351,1,1,"phylopath: abundance = log(mean_sp + 1). No survey/site hierarchy.",0.355999999999995,"piecewiseSEM: log(Abundance+1), no phylogeny, listwise deletion.",0.0330000000000013,0,1,1,1,0,0,0.541012071577096,-0.0589879284229043,1,1,-1.37048527348303,-0.870485273483029,0,1,0.120000000000005,0.000999999999990564
18,88.653,-0.535,-0.035,1,1,-1.036,-0.236,1,1,0.719,0.119,1,1,68.506,0.701,0.101,1,1,0.738965786510981,0.138965786510981,0,1,"PIC: abundance aggregated to species mean (log+1 transformed). Site/survey hierarchy lost.",0.183000000000021,0.847524738007301,0.247524738007301,0,1,"phylopath: abundance = log(mean_sp + 1). No survey/site hierarchy.",0.524000000000001,"piecewiseSEM: log(Abundance+1), no phylogeny, listwise deletion.",0.0509999999999877,0,1,1,1,0,0,0.700061633602977,0.100061633602977,1,1,-0.550973390275437,-0.050973390275437,1,1,0.165999999999997,0
19,96.378,-0.328,0.172,1,0,-0.83,-0.0299999999999999,1,1,0.682,0.0820000000000001,1,1,59.567,0.704,0.104,1,1,0.733541237687614,0.133541237687614,1,1,"PIC: abundance aggregated to species mean (log+1 transformed). Site/survey hierarchy lost.",0.0710000000000264,0.9073002160531,0.3073002160531,0,1,"phylopath: abundance = log(mean_sp + 1). No survey/site hierarchy.",0.103999999999985,"piecewiseSEM: log(Abundance+1), no phylogeny, listwise deletion.",0.0260000000000105,0,1,1,1,0,0,0.701334176301853,0.101334176301853,1,1,-0.311824937851783,0.188175062148217,1,1,0.123999999999967,0
20,94.017,-0.463,0.037,1,0,-1.317,-0.517,1,1,0.72,0.12,1,1,48.197,0.67,0.0700000000000001,1,1,0.751204381170297,0.151204381170297,0,1,"PIC: abundance aggregated to species mean (log+1 transformed). Site/survey hierarchy lost.",0.0889999999999986,0.818394670541142,0.218394670541142,0,1,"phylopath: abundance = log(mean_sp + 1). No survey/site hierarchy.",0.370000000000005,"piecewiseSEM: log(Abundance+1), no phylogeny, listwise deletion.",0.0340000000000202,0,1,1,1,0,0,0.672722919992258,0.0727229199922583,1,1,-0.536276590304943,-0.0362765903049432,1,1,0.143000000000001,0
21,93.857,-0.653,-0.153,1,1,-0.807,-0.00700000000000001,1,1,0.624,0.024,1,1,59.253,0.598,-0.002,1,1,0.681190670417494,0.0811906704174936,1,1,"PIC: abundance aggregated to species mean (log+1 transformed). Site/survey hierarchy lost.",0.0639999999999645,0.879941476365179,0.279941476365179,0,1,"phylopath: abundance = log(mean_sp + 1). No survey/site hierarchy.",0.120000000000005,"piecewiseSEM: log(Abundance+1), no phylogeny, listwise deletion.",0.0300000000000296,0,1,1,1,0,0,0.597691571715953,-0.00230842828404654,1,1,-0.622228872432431,-0.122228872432431,1,1,0.139999999999986,0
22,85.853,-0.669,-0.169,1,1,-0.827,-0.0269999999999999,1,1,0.516,-0.084,1,1,81.855,0.546,-0.0539999999999999,1,1,0.522139745880899,-0.0778602541191014,1,1,"PIC: abundance aggregated to species mean (log+1 transformed). Site/survey hierarchy lost.",0.0579999999999927,0.804239553174483,0.204239553174483,0,1,"phylopath: abundance = log(mean_sp + 1). No survey/site hierarchy.",0.212000000000046,"piecewiseSEM: log(Abundance+1), no phylogeny, listwise deletion.",0.0569999999999595,0,1,1,1,0,0,0.543833296729194,-0.0561667032708064,1,1,-0.530086560224813,-0.0300865602248135,1,1,0.33099999999996,0.00300000000004275
23,109.953,-0.591,-0.091,1,1,-0.805,-0.005,1,1,0.4,-0.2,1,0,79.255,0.486,-0.114,1,1,0.329641485988956,-0.270358514011044,0,1,"PIC: abundance aggregated to species mean (log+1 transformed). Site/survey hierarchy lost.",0.100999999999999,0.710825454460765,0.110825454460765,1,1,"phylopath: abundance = log(mean_sp + 1). No survey/site hierarchy.",0.201000000000022,"piecewiseSEM: log(Abundance+1), no phylogeny, listwise deletion.",0.0510000000000446,0,1,1,1,0,0,0.482213221973381,-0.117786778026619,1,1,-0.594818825839075,-0.0948188258390753,1,1,0.221000000000004,0
24,103.085,-0.547,-0.047,1,1,-0.928,-0.128,1,1,0.677,0.0770000000000001,1,1,69.384,0.67,0.0700000000000001,1,1,0.646472700577882,0.0464727005778819,1,1,"PIC: abundance aggregated to species mean (log+1 transformed). Site/survey hierarchy lost.",0.198000000000008,0.922987274973914,0.322987274973914,0,1,"phylopath: abundance = log(mean_sp + 1). No survey/site hierarchy.",0.528999999999996,"piecewiseSEM: log(Abundance+1), no phylogeny, listwise deletion.",0.0439999999999827,0,1,1,1,0,0,0.678250015851283,0.0782500158512834,1,1,-0.444277028780255,0.0557229712197446,1,1,0.156000000000006,0.00199999999998113
25,94.163,-0.605,-0.105,1,1,-0.769,0.031,1,1,0.542,-0.0579999999999999,1,1,66.316,0.529,-0.071,1,1,0.51112048294562,-0.08887951705438,1,1,"PIC: abundance aggregated to species mean (log+1 transformed). Site/survey hierarchy lost.",0.0360000000000014,0.834407325005356,0.234407325005356,0,1,"phylopath: abundance = log(mean_sp + 1). No survey/site hierarchy.",0.161999999999978,"piecewiseSEM: log(Abundance+1), no phylogeny, listwise deletion.",0.0369999999999777,0,1,1,1,0,0,0.532978958512305,-0.0670210414876945,1,1,-0.956090009996181,-0.456090009996181,0,1,0.173000000000002,0
26,111.115,-0.67,-0.17,1,1,-0.79,0.01,1,1,0.596,-0.004,1,0,75.8530000000001,0.673,0.0730000000000001,1,1,0.581124348623942,-0.0188756513760576,1,1,"PIC: abundance aggregated to species mean (log+1 transformed). Site/survey hierarchy lost.",0.0430000000000064,0.913083423995857,0.313083423995857,0,1,"phylopath: abundance = log(mean_sp + 1). No survey/site hierarchy.",0.149999999999977,"piecewiseSEM: log(Abundance+1), no phylogeny, listwise deletion.",0.0389999999999873,0,1,1,1,0,0,0.670879276144478,0.0708792761444778,1,1,-0.55143542921776,-0.0514354292177603,1,1,0.12399999999991,0
27,104.612,-0.568,-0.068,1,1,-0.831,-0.0309999999999999,1,1,0.674,0.0740000000000001,1,1,79.32,0.667,0.0670000000000001,1,1,0.639305716577611,0.0393057165776115,1,1,"PIC: abundance aggregated to species mean (log+1 transformed). Site/survey hierarchy lost.",0.0470000000000255,0.900754592925948,0.300754592925948,0,1,"phylopath: abundance = log(mean_sp + 1). No survey/site hierarchy.",0.192000000000007,"piecewiseSEM: log(Abundance+1), no phylogeny, listwise deletion.",0.04099999999994,0,1,1,1,0,0,0.669707146932777,0.0697071469327767,1,1,-0.442150616851753,0.0578493831482467,1,1,0.113000000000056,0
28,101.849,-0.772,-0.272,1,1,-1.019,-0.219,1,1,0.755,0.155,1,1,79.394,0.733,0.133,1,1,0.772042089364374,0.172042089364374,0,1,"PIC: abundance aggregated to species mean (log+1 transformed). Site/survey hierarchy lost.",0.0520000000000209,0.956639089128155,0.356639089128155,0,1,"phylopath: abundance = log(mean_sp + 1). No survey/site hierarchy.",0.105000000000018,"piecewiseSEM: log(Abundance+1), no phylogeny, listwise deletion.",0.119000000000028,0,1,1,1,0,0,0.729973017433933,0.129973017433933,0,1,-0.43352325483631,0.0664767451636905,1,1,0.161000000000058,0
29,175.884,-0.446,0.054,1,1,-0.898,-0.098,1,1,0.541,-0.0589999999999999,1,0,139.316,0.625,0.025,1,1,0.577422965306887,-0.022577034693113,1,1,"PIC: abundance aggregated to species mean (log+1 transformed). Site/survey hierarchy lost.",0.0799999999999272,0.88570695420302,0.28570695420302,0,1,"phylopath: abundance = log(mean_sp + 1). No survey/site hierarchy.",0.251999999999953,"piecewiseSEM: log(Abundance+1), no phylogeny, listwise deletion.",0.0779999999999745,0,1,1,1,0,0,0.61965208914991,0.0196520891499099,1,1,-0.452964637244067,0.0470353627559331,1,1,0.197999999999865,0.00100000000020373
30,134.944,-0.346,0.154,1,0,-0.983,-0.183,1,1,0.698,0.098,1,1,96.221,0.674,0.0740000000000001,1,1,0.732591693018157,0.132591693018157,0,1,"PIC: abundance aggregated to species mean (log+1 transformed). Site/survey hierarchy lost.",0.15300000000002,0.911007816777361,0.311007816777361,0,1,"phylopath: abundance = log(mean_sp + 1). No survey/site hierarchy.",0.30399999999986,"piecewiseSEM: log(Abundance+1), no phylogeny, listwise deletion.",0.134000000000015,0,1,1,1,0,0,0.675371404914802,0.0753714049148024,1,1,-0.248497636596696,0.251502363403304,1,0,0.225000000000136,0.000999999999976353
31,178.397,-0.785,-0.285,1,1,-0.864,-0.064,1,1,0.691,0.091,1,1,92.1790000000001,0.695,0.095,1,1,0.668983321997958,0.0689833219979583,1,1,"PIC: abundance aggregated to species mean (log+1 transformed). Site/survey hierarchy lost.",0.071999999999889,0.913315552309306,0.313315552309306,0,1,"phylopath: abundance = log(mean_sp + 1). No survey/site hierarchy.",0.167000000000144,"piecewiseSEM: log(Abundance+1), no phylogeny, listwise deletion.",0.0559999999998126,0,1,1,1,0,0,0.698680070547577,0.098680070547577,0,1,-0.669759610147698,-0.169759610147698,1,1,0.197999999999865,0
32,132.502,-0.645,-0.145,1,1,-0.812,-0.012,1,1,0.748,0.148,1,1,95.5240000000001,0.691,0.091,1,1,0.720840309987391,0.120840309987391,1,1,"PIC: abundance aggregated to species mean (log+1 transformed). Site/survey hierarchy lost.",0.0609999999999218,0.922896228920303,0.322896228920303,0,1,"phylopath: abundance = log(mean_sp + 1). No survey/site hierarchy.",0.105999999999995,"piecewiseSEM: log(Abundance+1), no phylogeny, listwise deletion.",0.0450000000000728,0,1,1,1,0,0,0.692880594250609,0.0928805942506092,1,1,-0.592025846680486,-0.0920258466804855,1,1,0.185999999999922,0
33,132.694,-0.317,0.183,1,0,-0.658,0.142,1,1,0.528,-0.072,1,1,88.6059999999998,0.515,-0.085,1,1,0.515754647811168,-0.0842453521888324,1,1,"PIC: abundance aggregated to species mean (log+1 transformed). Site/survey hierarchy lost.",0.0790000000001783,0.871298284405554,0.271298284405554,0,1,"phylopath: abundance = log(mean_sp + 1). No survey/site hierarchy.",0.114000000000033,"piecewiseSEM: log(Abundance+1), no phylogeny, listwise deletion.",0.0349999999998545,0,1,1,1,0,0,0.514609930736215,-0.0853900692637853,1,1,-0.340177409014693,0.159822590985307,1,1,0.135999999999967,0
34,149.102,-0.495,0.005,1,1,-0.737,0.063,1,1,0.599,-0.001,1,1,90.619,0.56,-0.0399999999999999,1,1,0.483556186465104,-0.116443813534896,1,1,"PIC: abundance aggregated to species mean (log+1 transformed). Site/survey hierarchy lost.",0.140000000000015,0.83815732438756,0.23815732438756,0,1,"phylopath: abundance = log(mean_sp + 1). No survey/site hierarchy.",0.626000000000005,"piecewiseSEM: log(Abundance+1), no phylogeny, listwise deletion.",0.054000000000002,0,1,1,1,0,0,0.569203914760489,-0.0307960852395112,1,1,-0.542389627397853,-0.0423896273978528,1,1,0.218999999999994,0
35,127.297,-0.801,-0.301,1,1,-0.697,0.103,1,1,0.621,0.021,1,1,86.618,0.621,0.021,1,1,0.59672938695659,-0.00327061304341048,1,1,"PIC: abundance aggregated to species mean (log+1 transformed). Site/survey hierarchy lost.",0.05600000000004,0.878706945508548,0.278706945508548,0,1,"phylopath: abundance = log(mean_sp + 1). No survey/site hierarchy.",0.113,"piecewiseSEM: log(Abundance+1), no phylogeny, listwise deletion.",0.0519999999999641,0,1,1,1,0,0,0.625501009324612,0.0255010093246115,1,1,-0.878441938483082,-0.378441938483082,0,1,0.262,0.000999999999976353
36,127.893,-0.629,-0.129,1,1,-0.993,-0.193,1,1,0.685,0.0850000000000001,1,1,88.543,0.644,0.044,1,1,0.743627196746312,0.143627196746312,0,1,"PIC: abundance aggregated to species mean (log+1 transformed). Site/survey hierarchy lost.",0.0380000000000109,0.918265851967433,0.318265851967433,0,1,"phylopath: abundance = log(mean_sp + 1). No survey/site hierarchy.",0.137000000000057,"piecewiseSEM: log(Abundance+1), no phylogeny, listwise deletion.",0.0349999999999682,0,1,1,1,0,0,0.64244977085762,0.0424497708576199,1,1,-0.565525562643802,-0.0655255626438023,1,1,0.164999999999964,0
37,92.578,-0.562,-0.062,1,1,-0.745,0.055,1,1,0.494,-0.106,1,1,67.069,0.542,-0.0579999999999999,1,1,0.489447552216166,-0.110552447783834,1,1,"PIC: abundance aggregated to species mean (log+1 transformed). Site/survey hierarchy lost.",0.0359999999999445,0.827572183144221,0.227572183144221,0,1,"phylopath: abundance = log(mean_sp + 1). No survey/site hierarchy.",0.119000000000028,"piecewiseSEM: log(Abundance+1), no phylogeny, listwise deletion.",0.04099999999994,0,1,1,1,0,0,0.533777059718203,-0.0662229402817968,1,1,-0.580012920251508,-0.080012920251508,1,1,0.148000000000025,0
38,90.8449999999999,-0.557,-0.057,1,1,-0.899,-0.099,1,1,0.656,0.056,1,1,100.305,0.661,0.061,1,1,0.644035065574994,0.0440350655749945,1,1,"PIC: abundance aggregated to species mean (log+1 transformed). Site/survey hierarchy lost.",0.105999999999995,0.830725349374926,0.230725349374926,0,1,"phylopath: abundance = log(mean_sp + 1). No survey/site hierarchy.",0.200999999999794,"piecewiseSEM: log(Abundance+1), no phylogeny, listwise deletion.",0.0800000000001546,0,1,1,1,0,0,0.671805633383565,0.0718056333835649,1,1,-0.483299142168033,0.0167008578319668,1,1,0.235999999999876,0.000999999999976353
39,257.844,-0.542,-0.042,1,1,-0.951,-0.151,1,1,0.635,0.035,1,1,43.7139999999999,0.628,0.028,1,1,0.589722808101604,-0.0102771918983959,1,1,"PIC: abundance aggregated to species mean (log+1 transformed). Site/survey hierarchy lost.",0.0380000000000109,0.74151037653696,0.14151037653696,1,1,"phylopath: abundance = log(mean_sp + 1). No survey/site hierarchy.",0.105000000000018,"piecewiseSEM: log(Abundance+1), no phylogeny, listwise deletion.",0.0380000000000109,0,1,1,1,0,0,0.628160202782704,0.0281602027827039,1,1,-0.569504820679179,-0.0695048206791792,1,1,0.122000000000071,0
40,96.2429999999999,-0.421,0.079,1,1,-0.827,-0.0269999999999999,1,1,0.508,-0.092,1,1,65.6110000000001,0.509,-0.091,1,1,0.46599519038443,-0.13400480961557,0,1,"PIC: abundance aggregated to species mean (log+1 transformed). Site/survey hierarchy lost.",0.0529999999998836,0.787032887060477,0.187032887060477,1,1,"phylopath: abundance = log(mean_sp + 1). No survey/site hierarchy.",0.166000000000167,"piecewiseSEM: log(Abundance+1), no phylogeny, listwise deletion.",0.0519999999999072,0,1,1,1,0,0,0.50607349370411,-0.09392650629589,1,1,-0.547865402793597,-0.047865402793597,1,1,0.127999999999929,0.000999999999976353
41,95.644,-0.579,-0.079,1,1,-0.684,0.116,1,1,0.682,0.0820000000000001,1,1,67.2460000000001,0.675,0.0750000000000001,1,1,0.651900096433392,0.0519000964333924,1,1,"PIC: abundance aggregated to species mean (log+1 transformed). Site/survey hierarchy lost.",0.0359999999998308,0.856683157480768,0.256683157480768,0,1,"phylopath: abundance = log(mean_sp + 1). No survey/site hierarchy.",0.11200000000008,"piecewiseSEM: log(Abundance+1), no phylogeny, listwise deletion.",0.04099999999994,0,1,1,1,0,0,0.682387768369605,0.0823877683696049,1,1,-0.464003130397566,0.0359968696024336,1,1,0.159000000000106,0
42,96.682,-0.564,-0.064,1,1,-0.768,0.032,1,1,0.686,0.0860000000000001,1,1,65.925,0.668,0.0680000000000001,1,1,0.725758971600666,0.125758971600666,0,1,"PIC: abundance aggregated to species mean (log+1 transformed). Site/survey hierarchy lost.",0.0399999999999636,0.88497688380128,0.28497688380128,0,1,"phylopath: abundance = log(mean_sp + 1). No survey/site hierarchy.",0.134999999999991,"piecewiseSEM: log(Abundance+1), no phylogeny, listwise deletion.",0.0330000000001291,0,1,1,1,0,0,0.673587655895682,0.0735876558956817,1,1,-0.593012550459919,-0.0930125504599187,1,1,0.201999999999998,0.000999999999976353
43,95.7259999999999,-0.622,-0.122,1,1,-0.805,-0.005,1,1,0.548,-0.0519999999999999,1,1,66.287,0.55,-0.0499999999999999,1,1,0.535647006440448,-0.0643529935595522,1,1,"PIC: abundance aggregated to species mean (log+1 transformed). Site/survey hierarchy lost.",0.0429999999998927,0.868059724996531,0.268059724996531,0,1,"phylopath: abundance = log(mean_sp + 1). No survey/site hierarchy.",0.134000000000015,"piecewiseSEM: log(Abundance+1), no phylogeny, listwise deletion.",0.0380000000000109,0,1,1,1,0,0,0.55027642959907,-0.0497235704009298,1,1,-0.452404225279274,0.047595774720726,1,1,0.126999999999953,0.000999999999976353
44,94.8490000000002,-0.557,-0.057,1,1,-0.949,-0.149,1,1,0.556,-0.0439999999999999,1,1,64.3679999999999,0.519,-0.081,1,1,0.576441890128744,-0.0235581098712558,1,1,"PIC: abundance aggregated to species mean (log+1 transformed). Site/survey hierarchy lost.",0.0340000000001055,0.984406767005016,0.384406767005016,0,1,"phylopath: abundance = log(mean_sp + 1). No survey/site hierarchy.",0.099999999999909,"piecewiseSEM: log(Abundance+1), no phylogeny, listwise deletion.",0.0360000000000582,0,1,1,1,0,0,0.521315126604416,-0.078684873395584,1,1,-0.609972056848428,-0.109972056848428,1,1,0.121000000000095,0
45,2266.455,-0.392,0.108,1,0,-1.034,-0.234,1,1,0.611,0.011,1,1,70.0259999999998,0.678,0.0780000000000001,1,1,0.551887215288403,-0.0481127847115974,1,1,"PIC: abundance aggregated to species mean (log+1 transformed). Site/survey hierarchy lost.",0.0500000000001819,0.884927237465794,0.284927237465794,0,1,"phylopath: abundance = log(mean_sp + 1). No survey/site hierarchy.",0.110999999999876,"piecewiseSEM: log(Abundance+1), no phylogeny, listwise deletion.",0.0770000000002256,0,1,1,1,0,0,0.67700659574334,0.0770065957433402,1,1,-0.322700483297379,0.177299516702621,1,1,0.146999999999935,0.00100000000020373
46,106.267,-0.602,-0.102,1,1,-0.775,0.025,1,1,0.671,0.0710000000000001,1,1,62.5019999999995,0.71,0.11,1,1,0.678843246027313,0.0788432460273133,1,1,"PIC: abundance aggregated to species mean (log+1 transformed). Site/survey hierarchy lost.",0.0169999999998254,0.843002319706608,0.243002319706608,0,1,"phylopath: abundance = log(mean_sp + 1). No survey/site hierarchy.",0.0599999999994907,"piecewiseSEM: log(Abundance+1), no phylogeny, listwise deletion.",0.0180000000000291,0,1,1,1,0,0,0.713151721947614,0.113151721947614,1,1,-0.523366802814643,-0.0233668028146428,1,1,0.0769999999993161,0
47,86.3639999999996,-0.554,-0.054,1,1,-0.79,0.01,1,1,0.695,0.095,1,1,624.918,0.618,0.018,1,1,0.696533929780053,0.0965339297800526,1,1,"PIC: abundance aggregated to species mean (log+1 transformed). Site/survey hierarchy lost.",0.0199999999995271,0.887193450965883,0.287193450965883,0,1,"phylopath: abundance = log(mean_sp + 1). No survey/site hierarchy.",0.0470000000004802,"piecewiseSEM: log(Abundance+1), no phylogeny, listwise deletion.",0.0209999999997308,0,1,1,1,0,0,0.618343069569642,0.0183430695696419,1,1,-0.586773155081858,-0.0867731550818579,1,1,0.123999999999796,0
48,957.817,-0.579,-0.079,1,1,-0.94,-0.14,1,1,0.498,-0.102,1,1,941.185,0.522,-0.078,1,1,0.426403716004603,-0.173596283995397,1,1,"PIC: abundance aggregated to species mean (log+1 transformed). Site/survey hierarchy lost.",0.0169999999998254,0.707071707435275,0.107071707435275,1,1,"phylopath: abundance = log(mean_sp + 1). No survey/site hierarchy.",0.0730000000003201,"piecewiseSEM: log(Abundance+1), no phylogeny, listwise deletion.",0.0200000000004366,0,1,1,1,0,0,0.523693962203832,-0.0763060377961684,1,1,-0.575484263419851,-0.075484263419851,1,1,0.081000000000131,0
49,58.9520000000002,-0.456,0.044,1,0,-1.057,-0.257,1,1,0.645,0.045,1,1,938.532,0.719,0.119,1,1,0.647683675596798,0.0476836755967975,1,1,"PIC: abundance aggregated to species mean (log+1 transformed). Site/survey hierarchy lost.",0.0180000000000291,0.83060660056355,0.23060660056355,0,1,"phylopath: abundance = log(mean_sp + 1). No survey/site hierarchy.",0.043999999999869,"piecewiseSEM: log(Abundance+1), no phylogeny, listwise deletion.",0.0180000000000291,0,1,1,1,0,0,0.71547422956941,0.11547422956941,1,1,-0.424333166422494,0.0756668335775056,1,1,0.0820000000003347,0
50,56.503999999999,-0.179,0.321,1,0,-0.747,0.053,1,1,0.666,0.0660000000000001,1,1,940.065,0.667,0.0670000000000001,1,1,0.671365411875391,0.071365411875391,1,1,"PIC: abundance aggregated to species mean (log+1 transformed). Site/survey hierarchy lost.",0.0159999999996217,0.880447383149012,0.280447383149012,0,1,"phylopath: abundance = log(mean_sp + 1). No survey/site hierarchy.",0.0570000000006985,"piecewiseSEM: log(Abundance+1), no phylogeny, listwise deletion.",0.0169999999998254,0,1,1,1,0,0,0.661721993077449,0.061721993077449,1,1,-0.143202519247785,0.356797480752215,0,0,0.069999999999709,0
51,52.2150000000001,-0.541,-0.041,1,0,-0.744,0.056,1,1,0.679,0.0790000000000001,1,1,37.4079999999994,0.658,0.058,1,1,0.712935469195709,0.112935469195709,1,1,"PIC: abundance aggregated to species mean (log+1 transformed). Site/survey hierarchy lost.",0.0180000000000291,0.876338760177966,0.276338760177966,0,1,"phylopath: abundance = log(mean_sp + 1). No survey/site hierarchy.",0.0670000000009168,"piecewiseSEM: log(Abundance+1), no phylogeny, listwise deletion.",0.0190000000002328,0,1,1,1,0,0,0.661864295770069,0.061864295770069,1,1,-0.292948853029216,0.207051146970784,1,0,0.0769999999993161,0
52,56.9440000000013,-0.798,-0.298,1,1,-0.781,0.019,1,1,0.649,0.049,1,1,937.123,0.661,0.061,1,1,0.698418239833738,0.0984182398337378,1,1,"PIC: abundance aggregated to species mean (log+1 transformed). Site/survey hierarchy lost.",0.0169999999998254,0.861372924269271,0.261372924269271,0,1,"phylopath: abundance = log(mean_sp + 1). No survey/site hierarchy.",0.0540000000000873,"piecewiseSEM: log(Abundance+1), no phylogeny, listwise deletion.",0.0180000000000291,0,1,1,1,0,0,0.665215804236346,0.0652158042363457,1,1,-0.676905404700589,-0.176905404700589,1,1,0.0739999999987049,0
53,54.2790000000005,-0.24,0.26,1,1,-0.69,0.11,1,1,0.492,-0.108,1,1,936.512999999999,0.566,-0.034,1,1,0.470300146005471,-0.129699853994529,0,1,"PIC: abundance aggregated to species mean (log+1 transformed). Site/survey hierarchy lost.",0.0169999999998254,0.699291425679777,0.0992914256797772,1,1,"phylopath: abundance = log(mean_sp + 1). No survey/site hierarchy.",0.0560000000004948,"piecewiseSEM: log(Abundance+1), no phylogeny, listwise deletion.",0.0180000000000291,0,1,1,1,0,0,0.561334647403597,-0.038665352596403,1,1,-0.283870913760798,0.216129086239202,0,1,0.0730000000003201,0.00100000000020373
54,51.9719999999998,-0.587,-0.087,1,1,-0.953,-0.153,1,1,0.612,0.012,1,1,524.51,0.59,-0.01,1,1,0.593398161551955,-0.00660183844804452,1,1,"PIC: abundance aggregated to species mean (log+1 transformed). Site/survey hierarchy lost.",0.0159999999996217,0.913980930800539,0.313980930800539,0,1,"phylopath: abundance = log(mean_sp + 1). No survey/site hierarchy.",0.0619999999998981,"piecewiseSEM: log(Abundance+1), no phylogeny, listwise deletion.",0.0190000000002328,0,1,1,1,0,0,0.58984579206793,-0.0101542079320699,1,1,-0.541132419920615,-0.0411324199206147,1,1,0.0750000000007276,0
55,52.2860000000001,-0.592,-0.092,1,1,-0.976,-0.176,1,1,0.663,0.063,1,1,248.047,0.629,0.029,1,1,0.644848723138594,0.0448487231385941,1,1,"PIC: abundance aggregated to species mean (log+1 transformed). Site/survey hierarchy lost.",0.0160000000014406,0.783927581988933,0.183927581988933,1,1,"phylopath: abundance = log(mean_sp + 1). No survey/site hierarchy.",0.0599999999994907,"piecewiseSEM: log(Abundance+1), no phylogeny, listwise deletion.",0.0180000000000291,0,1,1,1,0,0,0.621428234398905,0.0214282343989053,1,1,-0.46634284291738,0.0336571570826198,1,1,0.0690000000013242,0
56,55.5419999999995,-0.497,0.003,1,1,-0.797,0.003,1,1,0.617,0.017,1,1,250.240000000002,0.629,0.029,1,1,0.483534704131473,-0.116465295868527,1,1,"PIC: abundance aggregated to species mean (log+1 transformed). Site/survey hierarchy lost.",0.0159999999996217,0.860329359850738,0.260329359850738,0,1,"phylopath: abundance = log(mean_sp + 1). No survey/site hierarchy.",0.0630000000001019,"piecewiseSEM: log(Abundance+1), no phylogeny, listwise deletion.",0.0180000000000291,0,1,1,1,0,0,0.628660261888574,0.0286602618885744,1,1,-0.457893725623701,0.0421062743762992,1,1,0.0779999999995198,0
57,53.7029999999995,-0.451,0.049,1,0,-0.687,0.113,1,1,0.557,-0.0429999999999999,1,1,242.243,0.494,-0.106,1,1,0.58383547740511,-0.0161645225948901,1,1,"PIC: abundance aggregated to species mean (log+1 transformed). Site/survey hierarchy lost.",0.0160000000014406,0.899780635336913,0.299780635336913,0,1,"phylopath: abundance = log(mean_sp + 1). No survey/site hierarchy.",0.054999999998472,"piecewiseSEM: log(Abundance+1), no phylogeny, listwise deletion.",0.0169999999998254,0,1,1,1,0,0,0.495249263170385,-0.104750736829615,1,1,-0.374882629069377,0.125117370930623,1,1,0.0840000000007421,0
58,52.9449999999997,-0.402,0.098,1,0,-0.716,0.0840000000000001,1,1,0.743,0.143,1,1,245.710999999999,0.741,0.141,1,1,0.688938414295319,0.0889384142953192,1,1,"PIC: abundance aggregated to species mean (log+1 transformed). Site/survey hierarchy lost.",0.0159999999996217,0.930412909451463,0.330412909451463,0,1,"phylopath: abundance = log(mean_sp + 1). No survey/site hierarchy.",0.0630000000001019,"piecewiseSEM: log(Abundance+1), no phylogeny, listwise deletion.",0.0180000000000291,0,1,1,1,0,0,0.749885440270366,0.149885440270366,0,1,-0.353158010681155,0.146841989318845,1,1,0.0689999999995052,0
59,55.9070000000011,-0.475,0.025,1,1,-0.977,-0.177,1,1,0.635,0.035,1,1,1025.039,0.616,0.016,1,1,0.620986509859605,0.0209865098596055,1,1,"PIC: abundance aggregated to species mean (log+1 transformed). Site/survey hierarchy lost.",0.0169999999998254,0.835613155085325,0.235613155085325,0,1,"phylopath: abundance = log(mean_sp + 1). No survey/site hierarchy.",0.066000000000713,"piecewiseSEM: log(Abundance+1), no phylogeny, listwise deletion.",0.0169999999998254,0,1,1,1,0,0,0.620208428088205,0.0202084280882048,1,1,-0.451044066594586,0.0489559334054138,1,1,0.0769999999993161,0
60,54.9650000000001,-0.502,-0.002,1,1,-0.927,-0.127,1,1,0.623,0.023,1,1,975.699999999999,0.642,0.042,1,1,0.61879434349204,0.01879434349204,1,1,"PIC: abundance aggregated to species mean (log+1 transformed). Site/survey hierarchy lost.",0.0169999999998254,0.905361098160686,0.305361098160686,0,1,"phylopath: abundance = log(mean_sp + 1). No survey/site hierarchy.",0.0480000000006839,"piecewiseSEM: log(Abundance+1), no phylogeny, listwise deletion.",0.0169999999998254,0,1,1,1,0,0,0.638925237864842,0.0389252378648421,1,1,-0.538639163819868,-0.038639163819868,1,1,0.0900000000001455,0
61,51.8970000000008,-0.634,-0.134,1,1,-0.736,0.0640000000000001,1,1,0.662,0.062,1,1,294.619000000001,0.645,0.045,1,1,0.683747512631451,0.0837475126314512,1,1,"PIC: abundance aggregated to species mean (log+1 transformed). Site/survey hierarchy lost.",0.0159999999996217,0.846389925728371,0.246389925728371,0,1,"phylopath: abundance = log(mean_sp + 1). No survey/site hierarchy.",0.0599999999994907,"piecewiseSEM: log(Abundance+1), no phylogeny, listwise deletion.",0.0210000000006403,0,1,1,1,0,0,0.643721978896578,0.0437219788965777,1,1,-0.552230419197066,-0.0522304191970662,1,1,0.0739999999987049,0
62,53.0049999999992,-0.125,0.375,0,0,-0.862,-0.062,1,1,0.581,-0.019,1,1,986.762000000001,0.6,0,1,1,0.605304246198925,0.005304246198925,1,1,"PIC: abundance aggregated to species mean (log+1 transformed). Site/survey hierarchy lost.",0.0159999999996217,0.825287217523484,0.225287217523484,0,1,"phylopath: abundance = log(mean_sp + 1). No survey/site hierarchy.",0.0499999999992724,"piecewiseSEM: log(Abundance+1), no phylogeny, listwise deletion.",0.0180000000000291,0,1,1,1,0,0,0.60114158838446,0.00114158838445955,1,1,-0.257970603946831,0.242029396053169,0,1,0.0799999999981083,0
63,53.2510000000002,-0.835,-0.335,1,1,-0.899,-0.099,1,1,0.668,0.0680000000000001,1,1,994.507000000001,0.663,0.063,1,1,0.69395250472559,0.0939525047255906,1,1,"PIC: abundance aggregated to species mean (log+1 transformed). Site/survey hierarchy lost.",0.0169999999998254,0.935895940597656,0.335895940597656,0,1,"phylopath: abundance = log(mean_sp + 1). No survey/site hierarchy.",0.0540000000000873,"piecewiseSEM: log(Abundance+1), no phylogeny, listwise deletion.",0.0180000000000291,0,1,1,1,0,0,0.660163857090694,0.0601638570906943,1,1,-0.663200964716622,-0.163200964716622,1,1,0.0869999999995343,0
64,53.0370000000003,-0.456,0.044,1,0,-0.726,0.0740000000000001,1,1,0.612,0.012,1,1,1045.46,0.632,0.032,1,1,0.593069955527324,-0.00693004447267631,1,1,"PIC: abundance aggregated to species mean (log+1 transformed). Site/survey hierarchy lost.",0.0230000000010477,0.891411983950597,0.291411983950597,0,1,"phylopath: abundance = log(mean_sp + 1). No survey/site hierarchy.",0.058999999997468,"piecewiseSEM: log(Abundance+1), no phylogeny, listwise deletion.",0.0180000000000291,0,1,1,1,0,0,0.623473990116557,0.0234739901165567,1,1,-0.573348035632348,-0.0733480356323477,1,1,0.0750000000007276,0
65,54.8599999999969,-0.664,-0.164,1,1,-0.784,0.016,1,1,0.621,0.021,1,1,40.0070000000014,0.666,0.0660000000000001,1,1,0.584847632025167,-0.0151523679748334,1,1,"PIC: abundance aggregated to species mean (log+1 transformed). Site/survey hierarchy lost.",0.0169999999998254,0.904890464181955,0.304890464181955,0,1,"phylopath: abundance = log(mean_sp + 1). No survey/site hierarchy.",0.0689999999995052,"piecewiseSEM: log(Abundance+1), no phylogeny, listwise deletion.",0.0180000000000291,0,1,1,1,0,0,0.660283271322387,0.060283271322387,1,1,-0.59388508872721,-0.0938850887272101,1,1,0.08100000000195,0
66,57.0329999999994,-0.536,-0.036,1,1,-0.719,0.0810000000000001,1,1,0.483,-0.117,1,1,329.431,0.536,-0.064,1,1,0.443902109426217,-0.156097890573783,1,1,"PIC: abundance aggregated to species mean (log+1 transformed). Site/survey hierarchy lost.",0.0159999999996217,0.805809603643907,0.205809603643907,1,1,"phylopath: abundance = log(mean_sp + 1). No survey/site hierarchy.",0.0679999999993015,"piecewiseSEM: log(Abundance+1), no phylogeny, listwise deletion.",0.0180000000000291,0,1,1,1,0,0,0.536685429745858,-0.0633145702541422,1,1,-0.735596169003458,-0.235596169003458,0,1,0.0720000000001164,0
67,55.0360000000001,-0.502,-0.002,1,1,-0.792,0.00800000000000001,1,1,0.703,0.103,1,1,972.259000000002,0.684,0.0840000000000001,1,1,0.812631632365016,0.212631632365016,0,1,"PIC: abundance aggregated to species mean (log+1 transformed). Site/survey hierarchy lost.",0.0159999999996217,0.911912691531652,0.311912691531652,0,1,"phylopath: abundance = log(mean_sp + 1). No survey/site hierarchy.",0.0650000000023283,"piecewiseSEM: log(Abundance+1), no phylogeny, listwise deletion.",0.0169999999998254,0,1,1,1,0,0,0.679359834468573,0.0793598344685725,1,1,-0.520057857432807,-0.0200578574328072,1,1,0.0789999999979045,0.00100000000020373
68,54.3220000000001,-0.478,0.022,1,1,-0.779,0.021,1,1,0.578,-0.022,1,1,40.3909999999996,0.578,-0.022,1,1,0.592771076464706,-0.0072289235352937,1,1,"PIC: abundance aggregated to species mean (log+1 transformed). Site/survey hierarchy lost.",0.0180000000000291,0.916050856413173,0.316050856413173,0,1,"phylopath: abundance = log(mean_sp + 1). No survey/site hierarchy.",0.0509999999994761,"piecewiseSEM: log(Abundance+1), no phylogeny, listwise deletion.",0.0190000000002328,0,1,1,1,0,0,0.578994736076644,-0.0210052639233564,1,1,-0.556120361164711,-0.056120361164711,1,1,0.118999999998778,0
69,59.0139999999992,-0.57,-0.07,1,1,-0.857,-0.0569999999999999,1,1,0.715,0.115,1,1,41.9259999999995,0.699,0.099,1,1,0.827144151302591,0.227144151302591,0,1,"PIC: abundance aggregated to species mean (log+1 transformed). Site/survey hierarchy lost.",0.0180000000000291,0.857624103802888,0.257624103802888,0,1,"phylopath: abundance = log(mean_sp + 1). No survey/site hierarchy.",0.059000000001106,"piecewiseSEM: log(Abundance+1), no phylogeny, listwise deletion.",0.0190000000002328,0,1,1,1,0,0,0.697005699542581,0.0970056995425811,1,1,-0.541244718314699,-0.0412447183146987,1,1,0.077000000001135,0
70,56.2219999999979,-0.53,-0.03,1,1,-1.012,-0.212,1,1,0.552,-0.0479999999999999,1,1,958.673999999999,0.596,-0.004,1,1,0.41501006447123,-0.18498993552877,0,1,"PIC: abundance aggregated to species mean (log+1 transformed). Site/survey hierarchy lost.",0.0169999999998254,0.778875231244311,0.178875231244311,1,1,"phylopath: abundance = log(mean_sp + 1). No survey/site hierarchy.",0.0670000000027358,"piecewiseSEM: log(Abundance+1), no phylogeny, listwise deletion.",0.0180000000000291,0,1,1,1,0,0,0.590545928410044,-0.0094540715899557,1,1,-0.542729058944445,-0.0427290589444451,1,1,0.0779999999977008,0.00100000000020373
71,53.5240000000013,-0.515,-0.015,1,0,-0.892,-0.092,1,1,0.634,0.034,1,1,939.523000000001,0.638,0.038,1,1,0.662080882076622,0.0620808820766217,1,1,"PIC: abundance aggregated to species mean (log+1 transformed). Site/survey hierarchy lost.",0.0159999999996217,0.751737824698795,0.151737824698795,1,1,"phylopath: abundance = log(mean_sp + 1). No survey/site hierarchy.",0.0529999999998836,"piecewiseSEM: log(Abundance+1), no phylogeny, listwise deletion.",0.0180000000000291,0,1,1,1,0,0,0.638583611622682,0.0385836116226816,1,1,-0.271928134526412,0.228071865473588,0,1,0.080999999998312,0.00100000000020373
72,53.9240000000027,-0.664,-0.164,1,1,-0.729,0.0710000000000001,1,1,0.739,0.139,1,1,370.453999999998,0.669,0.0690000000000001,1,1,0.764282916741908,0.164282916741908,1,1,"PIC: abundance aggregated to species mean (log+1 transformed). Site/survey hierarchy lost.",0.0159999999996217,0.888364520702399,0.288364520702399,0,1,"phylopath: abundance = log(mean_sp + 1). No survey/site hierarchy.",0.0579999999972642,"piecewiseSEM: log(Abundance+1), no phylogeny, listwise deletion.",0.0180000000000291,0,1,1,1,0,0,0.671567817646743,0.071567817646743,1,1,-0.51475491630941,-0.0147549163094102,1,1,0.0930000000007567,0
73,56.1670000000013,-0.399,0.101,1,0,-0.931,-0.131,1,1,0.544,-0.0559999999999999,1,1,967.353999999999,0.554,-0.0459999999999999,1,1,0.602385893076632,0.00238589307663228,1,1,"PIC: abundance aggregated to species mean (log+1 transformed). Site/survey hierarchy lost.",0.0180000000000291,0.843010453914158,0.243010453914158,0,1,"phylopath: abundance = log(mean_sp + 1). No survey/site hierarchy.",0.0580000000009022,"piecewiseSEM: log(Abundance+1), no phylogeny, listwise deletion.",0.0180000000000291,0,1,1,1,0,0,0.555775042336322,-0.0442249576636777,1,1,-0.322823036634514,0.177176963365486,1,1,0.077000000001135,0
74,53.1870000000017,-0.712,-0.212,1,1,-0.886,-0.086,1,1,0.409,-0.191,1,0,1008.952,0.419,-0.181,1,1,0.346604366195908,-0.253395633804092,0,1,"PIC: abundance aggregated to species mean (log+1 transformed). Site/survey hierarchy lost.",0.0169999999998254,0.729342584070252,0.129342584070252,1,1,"phylopath: abundance = log(mean_sp + 1). No survey/site hierarchy.",0.0620000000017171,"piecewiseSEM: log(Abundance+1), no phylogeny, listwise deletion.",0.0240000000012515,0,1,1,1,0,0,0.417577246200507,-0.182422753799493,0,1,-0.729263397416876,-0.229263397416876,1,1,0.0679999999993015,0
75,52.1349999999984,-0.822,-0.322,1,1,-1.002,-0.202,1,1,0.576,-0.024,1,1,37.6769999999997,0.562,-0.0379999999999999,1,1,0.641261802676491,0.0412618026764906,1,1,"PIC: abundance aggregated to species mean (log+1 transformed). Site/survey hierarchy lost.",0.0180000000000291,0.86539157306716,0.26539157306716,0,1,"phylopath: abundance = log(mean_sp + 1). No survey/site hierarchy.",0.0720000000001164,"piecewiseSEM: log(Abundance+1), no phylogeny, listwise deletion.",0.0190000000002328,0,1,1,1,0,0,0.559172604767641,-0.0408273952323588,1,1,-0.715273695549342,-0.215273695549342,1,1,0.0779999999977008,0
76,58.3100000000013,-0.42,0.08,1,1,-0.762,0.038,1,1,0.747,0.147,1,1,42.4069999999992,0.739,0.139,1,1,0.726975227767697,0.126975227767697,0,1,"PIC: abundance aggregated to species mean (log+1 transformed). Site/survey hierarchy lost.",0.0190000000002328,0.917014263543703,0.317014263543703,0,1,"phylopath: abundance = log(mean_sp + 1). No survey/site hierarchy.",0.0740000000005239,"piecewiseSEM: log(Abundance+1), no phylogeny, listwise deletion.",0.0190000000002328,0,1,1,1,0,0,0.739075131386963,0.139075131386963,0,1,-0.353436915452641,0.146563084547359,1,1,0.0840000000025611,0
77,61.3330000000024,-0.539,-0.039,1,1,-0.779,0.021,1,1,0.492,-0.108,1,1,43.4660000000003,0.498,-0.102,1,1,0.47424920487005,-0.12575079512995,0,1,"PIC: abundance aggregated to species mean (log+1 transformed). Site/survey hierarchy lost.",0.0180000000000291,0.799415848454056,0.199415848454056,0,1,"phylopath: abundance = log(mean_sp + 1). No survey/site hierarchy.",0.065999999998894,"piecewiseSEM: log(Abundance+1), no phylogeny, listwise deletion.",0.0200000000004366,0,1,1,1,0,0,0.502353386708419,-0.0976466132915812,1,1,-0.377628712980631,0.122371287019369,1,1,0.0830000000023574,0
78,58.6390000000029,-0.578,-0.078,1,1,-0.89,-0.09,1,1,0.736,0.136,1,1,41.6589999999997,0.718,0.118,1,1,0.756271709567239,0.156271709567239,0,1,"PIC: abundance aggregated to species mean (log+1 transformed). Site/survey hierarchy lost.",0.0169999999998254,0.897410082369367,0.297410082369367,0,1,"phylopath: abundance = log(mean_sp + 1). No survey/site hierarchy.",0.0560000000004948,"piecewiseSEM: log(Abundance+1), no phylogeny, listwise deletion.",0.0209999999970023,0,1,1,1,0,0,0.721474065008784,0.121474065008784,1,1,-0.559126019011905,-0.0591260190119054,1,1,0.0869999999995343,0
79,61.8969999999972,-0.477,0.023,1,0,-0.885,-0.085,1,1,0.667,0.0670000000000001,1,1,42.8739999999998,0.665,0.0650000000000001,1,1,0.6807187777317,0.0807187777317004,1,1,"PIC: abundance aggregated to species mean (log+1 transformed). Site/survey hierarchy lost.",0.0200000000004366,0.993835029771755,0.393835029771755,0,1,"phylopath: abundance = log(mean_sp + 1). No survey/site hierarchy.",0.0639999999984866,"piecewiseSEM: log(Abundance+1), no phylogeny, listwise deletion.",0.022000000000844,0,1,1,1,0,0,0.67637782677059,0.0763778267705896,1,1,-0.523278975337868,-0.0232789753378677,1,1,0.0869999999995343,0
80,61.6720000000023,-0.425,0.075,1,0,-0.925,-0.125,1,1,0.617,0.017,1,1,43.7870000000003,0.611,0.011,1,1,0.598558948721212,-0.0014410512787878,1,1,"PIC: abundance aggregated to species mean (log+1 transformed). Site/survey hierarchy lost.",0.0180000000000291,0.871315708163216,0.271315708163216,0,1,"phylopath: abundance = log(mean_sp + 1). No survey/site hierarchy.",0.0740000000005239,"piecewiseSEM: log(Abundance+1), no phylogeny, listwise deletion.",0.0210000000006403,0,1,1,1,0,0,0.617846821373659,0.017846821373659,1,1,-0.524776755174301,-0.0247767551743014,1,1,0.103000000002794,0
81,55.8899999999994,-0.577,-0.077,1,1,-0.618,0.182,1,1,0.538,-0.062,1,1,39.6840000000011,0.524,-0.076,1,1,0.585757740910308,-0.0142422590896923,1,1,"PIC: abundance aggregated to species mean (log+1 transformed). Site/survey hierarchy lost.",0.0199999999967986,0.799827735425636,0.199827735425636,1,1,"phylopath: abundance = log(mean_sp + 1). No survey/site hierarchy.",0.0730000000003201,"piecewiseSEM: log(Abundance+1), no phylogeny, listwise deletion.",0.0200000000004366,0,1,1,1,0,0,0.531791308566649,-0.068208691433351,1,1,-0.676782195877369,-0.176782195877369,1,1,0.0879999999997381,0
82,60.6949999999997,-0.693,-0.193,1,1,-0.716,0.0840000000000001,1,1,0.473,-0.127,1,1,42.6790000000001,0.542,-0.0579999999999999,1,1,0.457056763404567,-0.142943236595433,0,1,"PIC: abundance aggregated to species mean (log+1 transformed). Site/survey hierarchy lost.",0.0180000000000291,0.746007791123096,0.146007791123096,1,1,"phylopath: abundance = log(mean_sp + 1). No survey/site hierarchy.",0.0609999999978754,"piecewiseSEM: log(Abundance+1), no phylogeny, listwise deletion.",0.0200000000004366,0,1,1,1,0,0,0.539506143291738,-0.0604938567082621,1,1,-0.643244694116442,-0.143244694116442,1,1,0.0949999999975262,0
83,61.5770000000011,-0.514,-0.014,1,1,-0.859,-0.0589999999999999,1,1,0.563,-0.037,1,1,43.7749999999978,0.55,-0.0499999999999999,1,1,0.558760211738945,-0.0412397882610555,1,1,"PIC: abundance aggregated to species mean (log+1 transformed). Site/survey hierarchy lost.",0.0180000000000291,0.861398900997719,0.261398900997719,0,1,"phylopath: abundance = log(mean_sp + 1). No survey/site hierarchy.",0.069999999999709,"piecewiseSEM: log(Abundance+1), no phylogeny, listwise deletion.",0.0200000000004366,0,1,1,1,0,0,0.554618864617887,-0.0453811353821126,1,1,-0.571039927341057,-0.0710399273410575,1,1,0.0900000000001455,0
84,62.1150000000016,-0.718,-0.218,1,1,-0.914,-0.114,1,1,0.718,0.118,1,1,43.5699999999997,0.729,0.129,1,1,0.732480058693717,0.132480058693717,0,1,"PIC: abundance aggregated to species mean (log+1 transformed). Site/survey hierarchy lost.",0.0180000000000291,0.887930483244297,0.287930483244297,0,1,"phylopath: abundance = log(mean_sp + 1). No survey/site hierarchy.",0.0759999999972933,"piecewiseSEM: log(Abundance+1), no phylogeny, listwise deletion.",0.0210000000006403,0,1,1,1,0,0,0.727109268583927,0.127109268583927,1,1,-0.290466068966225,0.209533931033775,1,0,0.0839999999989232,0.00100000000020373
85,59.1739999999991,-0.52,-0.02,1,1,-1.102,-0.302,1,1,0.561,-0.0389999999999999,1,1,41.989999999998,0.579,-0.021,1,1,0.502402409942963,-0.0975975900570372,1,1,"PIC: abundance aggregated to species mean (log+1 transformed). Site/survey hierarchy lost.",0.0190000000002328,0.89766568451284,0.29766568451284,0,1,"phylopath: abundance = log(mean_sp + 1). No survey/site hierarchy.",0.077000000001135,"piecewiseSEM: log(Abundance+1), no phylogeny, listwise deletion.",0.0210000000006403,0,1,1,1,0,0,0.579282177894122,-0.0207178221058779,1,1,-0.501337325706527,-0.00133732570652667,1,1,0.0820000000021537,0
86,62.2400000000016,-0.557,-0.057,1,1,-0.58,0.22,1,1,0.509,-0.091,1,1,400.504999999997,0.548,-0.0519999999999999,1,1,0.425766686993215,-0.174233313006785,0,1,"PIC: abundance aggregated to species mean (log+1 transformed). Site/survey hierarchy lost.",0.0160000000032596,0.808074452724374,0.208074452724374,1,1,"phylopath: abundance = log(mean_sp + 1). No survey/site hierarchy.",0.0559999999968568,"piecewiseSEM: log(Abundance+1), no phylogeny, listwise deletion.",0.0169999999998254,0,1,1,1,0,0,0.556964876036832,-0.0430351239631677,1,1,-0.581823403289099,-0.0818234032890985,1,1,0.0730000000003201,0
87,57.1150000000016,-0.561,-0.061,1,1,-0.9,-0.1,1,1,0.474,-0.126,1,1,984.482,0.506,-0.094,1,1,0.426280812188077,-0.173719187811923,0,1,"PIC: abundance aggregated to species mean (log+1 transformed). Site/survey hierarchy lost.",0.0169999999998254,0.730995277688657,0.130995277688657,1,1,"phylopath: abundance = log(mean_sp + 1). No survey/site hierarchy.",0.0559999999968568,"piecewiseSEM: log(Abundance+1), no phylogeny, listwise deletion.",0.0200000000004366,0,1,1,1,0,0,0.507032084071732,-0.0929679159282681,1,1,-0.59195465687566,-0.0919546568756603,1,1,0.0780000000013388,0
88,55.4919999999984,-0.266,0.234,1,0,-0.929,-0.129,1,1,0.611,0.011,1,1,983.663,0.584,-0.016,1,1,0.683089828595441,0.0830898285954411,1,1,"PIC: abundance aggregated to species mean (log+1 transformed). Site/survey hierarchy lost.",0.0159999999996217,0.824924840241881,0.224924840241881,0,1,"phylopath: abundance = log(mean_sp + 1). No survey/site hierarchy.",0.0600000000013097,"piecewiseSEM: log(Abundance+1), no phylogeny, listwise deletion.",0.0180000000000291,0,1,1,1,0,0,0.581944050492281,-0.0180559495077185,1,1,-0.387885601943057,0.112114398056943,1,1,0.0730000000003201,0
89,56.5479999999989,-0.655,-0.155,1,1,-1.075,-0.275,1,1,0.567,-0.033,1,1,41.518,0.572,-0.028,1,1,0.602493629353017,0.00249362935301722,1,1,"PIC: abundance aggregated to species mean (log+1 transformed). Site/survey hierarchy lost.",0.0169999999998254,0.869660065994463,0.269660065994463,0,1,"phylopath: abundance = log(mean_sp + 1). No survey/site hierarchy.",0.077000000001135,"piecewiseSEM: log(Abundance+1), no phylogeny, listwise deletion.",0.0200000000004366,0,1,1,1,0,0,0.571971218092049,-0.0280287819079513,1,1,-0.564854488026053,-0.0648544880260526,1,1,0.0850000000027649,0
90,56.6800000000003,-0.445,0.055,1,0,-0.881,-0.081,1,1,0.625,0.025,1,1,281.097000000002,0.632,0.032,1,1,0.612483796816582,0.0124837968165821,1,1,"PIC: abundance aggregated to species mean (log+1 transformed). Site/survey hierarchy lost.",0.0159999999996217,0.859345502149697,0.259345502149697,0,1,"phylopath: abundance = log(mean_sp + 1). No survey/site hierarchy.",0.066000000002532,"piecewiseSEM: log(Abundance+1), no phylogeny, listwise deletion.",0.0190000000002328,0,1,1,1,0,0,0.629959071239658,0.0299590712396577,1,1,-0.297397868643187,0.202602131356813,1,0,0.0720000000001164,0
91,55.0930000000008,-0.502,-0.002,1,1,-0.703,0.0970000000000001,1,1,0.534,-0.066,1,1,592.566999999999,0.545,-0.0549999999999999,1,1,0.608751964037538,0.00875196403753842,1,1,"PIC: abundance aggregated to species mean (log+1 transformed). Site/survey hierarchy lost.",0.0169999999998254,0.855674900304224,0.255674900304224,0,1,"phylopath: abundance = log(mean_sp + 1). No survey/site hierarchy.",0.055000000000291,"piecewiseSEM: log(Abundance+1), no phylogeny, listwise deletion.",0.0200000000004366,0,1,1,1,0,0,0.552706571882533,-0.0472934281174667,1,1,-0.464348780603718,0.0356512193962817,1,1,0.092000000000553,0
92,66.9190000000017,-0.863,-0.363,1,1,-1.098,-0.298,1,1,0.641,0.041,1,1,40.1579999999994,0.63,0.03,1,1,0.644609159909858,0.0446091599098584,1,1,"PIC: abundance aggregated to species mean (log+1 transformed). Site/survey hierarchy lost.",0.0200000000004366,0.906242498126256,0.306242498126256,0,1,"phylopath: abundance = log(mean_sp + 1). No survey/site hierarchy.",0.0780000000013388,"piecewiseSEM: log(Abundance+1), no phylogeny, listwise deletion.",0.0249999999978172,0,1,1,1,0,0,0.632334329848691,0.0323343298486911,1,1,-0.784937372118956,-0.284937372118956,1,1,0.100000000002183,0
93,57.8279999999977,-0.771,-0.271,1,0,-0.816,-0.0159999999999999,1,1,0.576,-0.024,1,1,37.6530000000021,0.578,-0.022,1,1,0.551397941997547,-0.0486020580024528,1,1,"PIC: abundance aggregated to species mean (log+1 transformed). Site/survey hierarchy lost.",0.0190000000002328,0.859707872681352,0.259707872681352,0,1,"phylopath: abundance = log(mean_sp + 1). No survey/site hierarchy.",0.069999999999709,"piecewiseSEM: log(Abundance+1), no phylogeny, listwise deletion.",0.0210000000006403,0,1,1,1,0,0,0.57406094988093,-0.0259390501190699,1,1,-0.857196930307346,-0.357196930307346,1,1,0.0859999999993306,0
94,62.4199999999983,-0.518,-0.018,1,1,-0.788,0.012,1,1,0.658,0.058,1,1,44.8009999999995,0.639,0.039,1,1,0.593283994095477,-0.00671600590452259,1,1,"PIC: abundance aggregated to species mean (log+1 transformed). Site/survey hierarchy lost.",0.0190000000002328,0.866135329082376,0.266135329082376,0,1,"phylopath: abundance = log(mean_sp + 1). No survey/site hierarchy.",0.077000000001135,"piecewiseSEM: log(Abundance+1), no phylogeny, listwise deletion.",0.0210000000006403,0,1,1,1,0,0,0.641462638130031,0.0414626381300313,1,1,-0.535114760613891,-0.0351147606138913,1,1,0.0969999999979336,0
95,64.8950000000004,-0.359,0.141,1,1,-0.919,-0.119,1,1,0.649,0.049,1,1,45.4050000000025,0.626,0.026,1,1,0.728629913673257,0.128629913673257,1,1,"PIC: abundance aggregated to species mean (log+1 transformed). Site/survey hierarchy lost.",0.0280000000020664,0.875876402096658,0.275876402096658,0,1,"phylopath: abundance = log(mean_sp + 1). No survey/site hierarchy.",0.132999999997992,"piecewiseSEM: log(Abundance+1), no phylogeny, listwise deletion.",0.0339999999996508,0,1,1,1,0,0,0.628063705909291,0.0280637059092907,1,1,-0.184521556964041,0.315478443035959,0,0,0.319000000003143,0
96,64.6500000000015,-0.662,-0.162,1,1,-0.88,-0.08,1,1,0.641,0.041,1,1,44.9939999999988,0.656,0.056,1,1,0.648933128765853,0.0489331287658528,1,1,"PIC: abundance aggregated to species mean (log+1 transformed). Site/survey hierarchy lost.",0.0200000000004366,0.811991561505164,0.211991561505164,0,1,"phylopath: abundance = log(mean_sp + 1). No survey/site hierarchy.",0.0819999999985157,"piecewiseSEM: log(Abundance+1), no phylogeny, listwise deletion.",0.0320000000028813,0,1,1,1,0,0,0.652736665385346,0.0527366653853459,1,1,-0.420538871393594,0.0794611286064055,1,1,0.0940000000009604,0.00100000000020373
97,62.5450000000019,-0.513,-0.013,1,1,-0.688,0.112,1,1,0.567,-0.033,1,1,43.752999999997,0.518,-0.082,1,1,0.643449332876681,0.0434493328766807,1,1,"PIC: abundance aggregated to species mean (log+1 transformed). Site/survey hierarchy lost.",0.022000000000844,0.699199002208473,0.0991990022084726,1,1,"phylopath: abundance = log(mean_sp + 1). No survey/site hierarchy.",0.091999999996915,"piecewiseSEM: log(Abundance+1), no phylogeny, listwise deletion.",0.022000000000844,0,1,1,1,0,0,0.525085140481795,-0.0749148595182049,1,1,-0.570240372913362,-0.0702403729133618,1,1,0.145000000000437,0
98,58.9979999999996,-0.777,-0.277,1,1,-0.884,-0.084,1,1,0.608,0.00800000000000001,1,1,41.2839999999997,0.621,0.021,1,1,0.60563239178552,0.00563239178551966,1,1,"PIC: abundance aggregated to species mean (log+1 transformed). Site/survey hierarchy lost.",0.032999999999447,0.840657188153877,0.240657188153877,0,1,"phylopath: abundance = log(mean_sp + 1). No survey/site hierarchy.",0.422999999998865,"piecewiseSEM: log(Abundance+1), no phylogeny, listwise deletion.",0.077000000001135,0,1,1,1,0,0,0.610058920946036,0.0100589209460363,1,1,-0.430363821915768,0.0696361780842321,1,1,0.110000000000582,0
99,67.1360000000022,-0.496,0.004,1,1,-0.845,-0.0449999999999999,1,1,0.57,-0.03,1,1,45.1769999999997,0.581,-0.019,1,1,0.537661812671864,-0.0623381873281358,1,1,"PIC: abundance aggregated to species mean (log+1 transformed). Site/survey hierarchy lost.",0.30199999999968,0.81333746901106,0.21333746901106,0,1,"phylopath: abundance = log(mean_sp + 1). No survey/site hierarchy.",0.471000000001368,"piecewiseSEM: log(Abundance+1), no phylogeny, listwise deletion.",0.04399999999805,0,1,1,1,0,0,0.575185360039508,-0.0248146399604924,1,1,-0.545005961326376,-0.0450059613263765,1,1,0.0999999999985448,0
100,62.4389999999985,-0.536,-0.036,1,1,-0.723,0.0770000000000001,1,1,0.616,0.016,1,1,43.9910000000018,0.656,0.056,1,1,0.60228254139846,0.00228254139846018,1,1,"PIC: abundance aggregated to species mean (log+1 transformed). Site/survey hierarchy lost.",0.0180000000000291,0.892524642604057,0.292524642604057,0,1,"phylopath: abundance = log(mean_sp + 1). No survey/site hierarchy.",0.0580000000009022,"piecewiseSEM: log(Abundance+1), no phylogeny, listwise deletion.",0.0190000000002328,0,1,1,1,0,0,0.643005694444331,0.0430056944443314,1,1,-0.472047625783623,0.0279523742163765,1,1,0.0849999999991269,0
